{"characters":{":":{"texture_start_x":0.6269531,"texture_end_x":0.6386719,"texture_start_y":0.3984375,"texture_end_y":0.59765625,"width":0.11764706},"X":{"texture_start_x":0.40234375,"texture_end_x":0.45117188,"texture_start_y":0.3984375,"texture_end_y":0.59765625,"width":0.49019608},"*":{"texture_start_x":0.6738281,"texture_end_x":0.7089844,"texture_start_y":0.3984375,"texture_end_y":0.59765625,"width":0.3529412},"(":{"texture_start_x":0.7089844,"texture_end_x":0.7324219,"texture_start_y":0.3984375,"texture_end_y":0.59765625,"width":0.23529412},",":{"texture_start_x":0.9082031,"texture_end_x":0.921875,"texture_start_y":0.3984375,"texture_end_y":0.59765625,"width":0.13725491},"/":{"texture_start_x":0.921875,"texture_end_x":0.9550781,"texture_start_y":0.3984375,"texture_end_y":0.59765625,"width":0.33333334},"r":{"texture_start_x":0.0,"texture_end_x":0.0234375,"texture_start_y":0.19921875,"texture_end_y":0.3984375,"width":0.23529412},"V":{"texture_start_x":0.27734375,"texture_end_x":0.33007812,"texture_start_y":0.3984375,"texture_end_y":0.59765625,"width":0.5294118},"€":{"texture_start_x":0.18164062,"texture_end_x":0.22265625,"texture_start_y":0.59765625,"texture_end_y":0.796875,"width":0.4117647},"I":{"texture_start_x":0.69921875,"texture_end_x":0.7089844,"texture_start_y":0.19921875,"texture_end_y":0.3984375,"width":0.09803922},"F":{"texture_start_x":0.56640625,"texture_end_x":0.60546875,"texture_start_y":0.19921875,"texture_end_y":0.3984375,"width":0.39215687},"p":{"texture_start_x":0.9140625,"texture_end_x":0.953125,"texture_start_y":0.0,"texture_end_y":0.19921875,"width":0.39215687},"u":{"texture_start_x":0.0859375,"texture_end_x":0.12109375,"texture_start_y":0.19921875,"texture_end_y":0.3984375,"width":0.3529412},"9":{"texture_start_x":0.3515625,"texture_end_x":0.390625,"texture_start_y":0.0,"texture_end_y":0.19921875,"width":0.39215687},"J":{"texture_start_x":0.7089844,"texture_end_x":0.7480469,"texture_start_y":0.19921875,"texture_end_y":0.3984375,"width":0.39215687},"T":{"texture_start_x":0.18554688,"texture_end_x":0.23242188,"texture_start_y":0.3984375,"texture_end_y":0.59765625,"width":0.47058824},"q":{"texture_start_x":0.953125,"texture_end_x":0.9921875,"texture_start_y":0.0,"texture_end_y":0.19921875,"width":0.39215687},"v":{"texture_start_x":0.12109375,"texture_end_x":0.16015625,"texture_start_y":0.19921875,"texture_end_y":0.3984375,"width":0.39215687},"x":{"texture_start_x":0.22070312,"texture_end_x":0.25976562,"texture_start_y":0.19921875,"texture_end_y":0.3984375,"width":0.39215687},"f":{"texture_start_x":0.5859375,"texture_end_x":0.6152344,"texture_start_y":0.0,"texture_end_y":0.19921875,"width":0.29411766},"-":{"texture_start_x":0.8378906,"texture_end_x":0.8613281,"texture_start_y":0.3984375,"texture_end_y":0.59765625,"width":0.23529412},"7":{"texture_start_x":0.27148438,"texture_end_x":0.3125,"texture_start_y":0.0,"texture_end_y":0.19921875,"width":0.4117647},"R":{"texture_start_x":0.095703125,"texture_end_x":0.140625,"texture_start_y":0.3984375,"texture_end_y":0.59765625,"width":0.4509804},"1":{"texture_start_x":0.0390625,"texture_end_x":0.064453125,"texture_start_y":0.0,"texture_end_y":0.19921875,"width":0.25490198},"#":{"texture_start_x":0.095703125,"texture_end_x":0.14257812,"texture_start_y":0.59765625,"texture_end_y":0.796875,"width":0.47058824},"2":{"texture_start_x":0.064453125,"texture_end_x":0.107421875,"texture_start_y":0.0,"texture_end_y":0.19921875,"width":0.43137255},"h":{"texture_start_x":0.6542969,"texture_end_x":0.69140625,"texture_start_y":0.0,"texture_end_y":0.19921875,"width":0.37254903},"P":{"texture_start_x":0.0,"texture_end_x":0.044921875,"texture_start_y":0.3984375,"texture_end_y":0.59765625,"width":0.4509804},"{":{"texture_start_x":0.30273438,"texture_end_x":0.33007812,"texture_start_y":0.59765625,"texture_end_y":0.796875,"width":0.27450982},"t":{"texture_start_x":0.060546875,"texture_end_x":0.0859375,"texture_start_y":0.19921875,"texture_end_y":0.3984375,"width":0.25490198},"S":{"texture_start_x":0.140625,"texture_end_x":0.18554688,"texture_start_y":0.3984375,"texture_end_y":0.59765625,"width":0.4509804},"?":{"texture_start_x":0.6386719,"texture_end_x":0.6738281,"texture_start_y":0.3984375,"texture_end_y":0.59765625,"width":0.3529412},"n":{"texture_start_x":0.8359375,"texture_end_x":0.8730469,"texture_start_y":0.0,"texture_end_y":0.19921875,"width":0.37254903},"+":{"texture_start_x":0.7949219,"texture_end_x":0.8378906,"texture_start_y":0.3984375,"texture_end_y":0.59765625,"width":0.43137255},"\"":{"texture_start_x":0.0,"texture_end_x":0.017578125,"texture_start_y":0.59765625,"texture_end_y":0.796875,"width":0.1764706},"M":{"texture_start_x":0.8339844,"texture_end_x":0.8964844,"texture_start_y":0.19921875,"texture_end_y":0.3984375,"width":0.627451},"=":{"texture_start_x":0.8613281,"texture_end_x":0.8964844,"texture_start_y":0.3984375,"texture_end_y":0.59765625,"width":0.3529412},"0":{"texture_start_x":0.0,"texture_end_x":0.0390625,"texture_start_y":0.0,"texture_end_y":0.19921875,"width":0.39215687},"E":{"texture_start_x":0.52734375,"texture_end_x":0.56640625,"texture_start_y":0.19921875,"texture_end_y":0.3984375,"width":0.39215687},"w":{"texture_start_x":0.16015625,"texture_end_x":0.22070312,"texture_start_y":0.19921875,"texture_end_y":0.3984375,"width":0.60784316},"D":{"texture_start_x":0.48242188,"texture_end_x":0.52734375,"texture_start_y":0.19921875,"texture_end_y":0.3984375,"width":0.4509804},"N":{"texture_start_x":0.8964844,"texture_end_x":0.9433594,"texture_start_y":0.19921875,"texture_end_y":0.3984375,"width":0.47058824},"L":{"texture_start_x":0.7949219,"texture_end_x":0.8339844,"texture_start_y":0.19921875,"texture_end_y":0.3984375,"width":0.39215687},"5":{"texture_start_x":0.19335938,"texture_end_x":0.23242188,"texture_start_y":0.0,"texture_end_y":0.19921875,"width":0.39215687},"H":{"texture_start_x":0.65234375,"texture_end_x":0.69921875,"texture_start_y":0.19921875,"texture_end_y":0.3984375,"width":0.47058824},"c":{"texture_start_x":0.46875,"texture_end_x":0.5078125,"texture_start_y":0.0,"texture_end_y":0.19921875,"width":0.39215687},"y":{"texture_start_x":0.25976562,"texture_end_x":0.29882812,"texture_start_y":0.19921875,"texture_end_y":0.3984375,"width":0.39215687},"z":{"texture_start_x":0.29882812,"texture_end_x":0.3359375,"texture_start_y":0.19921875,"texture_end_y":0.3984375,"width":0.37254903},"_":{"texture_start_x":0.7558594,"texture_end_x":0.7949219,"texture_start_y":0.3984375,"texture_end_y":0.59765625,"width":0.39215687},"\\":{"texture_start_x":0.9628906,"texture_end_x":0.9980469,"texture_start_y":0.3984375,"texture_end_y":0.59765625,"width":0.3529412},"}":{"texture_start_x":0.33007812,"texture_end_x":0.35546875,"texture_start_y":0.59765625,"texture_end_y":0.796875,"width":0.25490198},"G":{"texture_start_x":0.60546875,"texture_end_x":0.65234375,"texture_start_y":0.19921875,"texture_end_y":0.3984375,"width":0.47058824},"k":{"texture_start_x":0.72265625,"texture_end_x":0.76171875,"texture_start_y":0.0,"texture_end_y":0.19921875,"width":0.39215687},"Q":{"texture_start_x":0.044921875,"texture_end_x":0.095703125,"texture_start_y":0.3984375,"texture_end_y":0.59765625,"width":0.50980395},")":{"texture_start_x":0.7324219,"texture_end_x":0.7558594,"texture_start_y":0.3984375,"texture_end_y":0.59765625,"width":0.23529412},"6":{"texture_start_x":0.23242188,"texture_end_x":0.27148438,"texture_start_y":0.0,"texture_end_y":0.19921875,"width":0.39215687},"l":{"texture_start_x":0.76171875,"texture_end_x":0.7714844,"texture_start_y":0.0,"texture_end_y":0.19921875,"width":0.09803922},"U":{"texture_start_x":0.23242188,"texture_end_x":0.27734375,"texture_start_y":0.3984375,"texture_end_y":0.59765625,"width":0.4509804},"W":{"texture_start_x":0.33007812,"texture_end_x":0.40234375,"texture_start_y":0.3984375,"texture_end_y":0.59765625,"width":0.7254902},"K":{"texture_start_x":0.7480469,"texture_end_x":0.7949219,"texture_start_y":0.19921875,"texture_end_y":0.3984375,"width":0.47058824},