{"characters":{"/":{"texture_start_x":0.39697266,"texture_end_x":0.45996094,"texture_start_y":0.64697266,"texture_end_y":0.7763672,"width":0.64179105},"€":{"texture_start_x":0.8930664,"texture_end_x":0.9638672,"texture_start_y":0.64697266,"texture_end_y":0.7763672,"width":0.72139305},"8":{"texture_start_x":0.5488281,"texture_end_x":0.61816406,"texture_start_y":0.0,"texture_end_y":0.12939453,"width":0.7064677},"|":{"texture_start_x":0.45996094,"texture_end_x":0.49804688,"texture_start_y":0.64697266,"texture_end_y":0.7763672,"width":0.3880597},"H":{"texture_start_x":0.07714844,"texture_end_x":0.15429688,"texture_start_y":0.3881836,"texture_end_y":0.5175781,"width":0.78606963},"g":{"texture_start_x":0.1274414,"texture_end_x":0.19628906,"texture_start_y":0.12939453,"texture_end_y":0.25878906,"width":0.70149255},"V":{"texture_start_x":0.15234375,"texture_end_x":0.23486328,"texture_start_y":0.5175781,"texture_end_y":0.64697266,"width":0.840796},"d":{"texture_start_x":0.8935547,"texture_end_x":0.96240234,"texture_start_y":0.0,"texture_end_y":0.12939453,"width":0.70149255},"(":{"texture_start_x":0.9111328,"texture_end_x":0.96435547,"texture_start_y":0.5175781,"texture_end_y":0.64697266,"width":0.54228854},",":{"texture_start_x":0.35351562,"texture_end_x":0.39697266,"texture_start_y":0.64697266,"texture_end_y":0.7763672,"width":0.44278607},"w":{"texture_start_x":0.19091797,"texture_end_x":0.28173828,"texture_start_y":0.25878906,"texture_end_y":0.3881836,"width":0.92537314},"x":{"texture_start_x":0.28173828,"texture_end_x":0.3515625,"texture_start_y":0.25878906,"texture_end_y":0.3881836,"width":0.71144277},"y":{"texture_start_x":0.3515625,"texture_end_x":0.42089844,"texture_start_y":0.25878906,"texture_end_y":0.3881836,"width":0.7064677},"W":{"texture_start_x":0.23486328,"texture_end_x":0.3359375,"texture_start_y":0.5175781,"texture_end_y":0.64697266,"width":1.0298507},":":{"texture_start_x":0.7397461,"texture_end_x":0.7807617,"texture_start_y":0.5175781,"texture_end_y":0.64697266,"width":0.41791046},"P":{"texture_start_x":0.6557617,"texture_end_x":0.72998047,"texture_start_y":0.3881836,"texture_end_y":0.5175781,"width":0.7562189},"9":{"texture_start_x":0.61816406,"texture_end_x":0.6875,"texture_start_y":0.0,"texture_end_y":0.12939453,"width":0.7064677},"l":{"texture_start_x":0.42041016,"texture_end_x":0.45996094,"texture_start_y":0.12939453,"texture_end_y":0.25878906,"width":0.40298507},"Q":{"texture_start_x":0.72998047,"texture_end_x":0.8095703,"texture_start_y":0.3881836,"texture_end_y":0.5175781,"width":0.8109453},"U":{"texture_start_x":0.07763672,"texture_end_x":0.15234375,"texture_start_y":0.5175781,"texture_end_y":0.64697266,"width":0.76119405},"G":{"texture_start_x":0.0,"texture_end_x":0.07714844,"texture_start_y":0.3881836,"texture_end_y":0.5175781,"width":0.78606963},"C":{"texture_start_x":0.6435547,"texture_end_x":0.7211914,"texture_start_y":0.25878906,"texture_end_y":0.3881836,"width":0.7910448},"D":{"texture_start_x":0.7211914,"texture_end_x":0.79589844,"texture_start_y":0.25878906,"texture_end_y":0.3881836,"width":0.76119405},"N":{"texture_start_x":0.49902344,"texture_end_x":0.5761719,"texture_start_y":0.3881836,"texture_end_y":0.5175781,"width":0.78606963},"!":{"texture_start_x":0.5703125,"texture_end_x":0.61083984,"texture_start_y":0.5175781,"texture_end_y":0.64697266,"width":0.41293532},"s":{"texture_start_x":0.8828125,"texture_end_x":0.94970703,"texture_start_y":0.12939453,"texture_end_y":0.25878906,"width":0.68159205},".":{"texture_start_x":0.3125,"texture_end_x":0.35351562,"texture_start_y":0.64697266,"texture_end_y":0.7763672,"width":0.41791046},"\\":{"texture_start_x":0.49804688,"texture_end_x":0.56152344,"texture_start_y":0.64697266,"texture_end_y":0.7763672,"width":0.6467662},"k":{"texture_start_x":0.35205078,"texture_end_x":0.42041016,"texture_start_y":0.12939453,"texture_end_y":0.25878906,"width":0.6965174},"z":{"texture_start_x":0.42089844,"texture_end_x":0.4873047,"texture_start_y":0.25878906,"texture_end_y":0.3881836,"width":0.6766169},"S":{"texture_start_x":0.88427734,"texture_end_x":0.9589844,"texture_start_y":0.3881836,"texture_end_y":0.5175781,"width":0.76119405},"Z":{"texture_start_x":0.49560547,"texture_end_x":0.5703125,"texture_start_y":0.5175781,"texture_end_y":0.64697266,"width":0.76119405},"I":{"texture_start_x":0.15429688,"texture_end_x":0.19384766,"texture_start_y":0.3881836,"texture_end_y":0.5175781,"width":0.40298507},"T":{"texture_start_x":0.0,"texture_end_x":0.07763672,"texture_start_y":0.5175781,"texture_end_y":0.64697266,"width":0.7910448},"h":{"texture_start_x":0.19628906,"texture_end_x":0.2626953,"texture_start_y":0.12939453,"texture_end_y":0.25878906,"width":0.6766169},"7":{"texture_start_x":0.47705078,"texture_end_x":0.5488281,"texture_start_y":0.0,"texture_end_y":0.12939453,"width":0.73134327},"u":{"texture_start_x":0.055664062,"texture_end_x":0.12207031,"texture_start_y":0.25878906,"texture_end_y":0.3881836,"width":0.6766169},";":{"texture_start_x":0.61083984,"texture_end_x":0.65478516,"texture_start_y":0.5175781,"texture_end_y":0.64697266,"width":0.4477612},"&":{"texture_start_x":0.061035156,"texture_end_x":0.14013672,"texture_start_y":0.7763672,"texture_end_y":0.9057617,"width":0.80597013},"F":{"texture_start_x":0.8652344,"texture_end_x":0.93408203,"texture_start_y":0.25878906,"texture_end_y":0.3881836,"width":0.70149255},"2":{"texture_start_x":0.123535156,"texture_end_x":0.1953125,"texture_start_y":0.0,"texture_end_y":0.12939453,"width":0.73134327},"q":{"texture_start_x":0.7607422,"texture_end_x":0.82958984,"texture_start_y":0.12939453,"texture_end_y":0.25878906,"width":0.70149255},")":{"texture_start_x":0.0,"texture_end_x":0.053710938,"texture_start_y":0.64697266,"texture_end_y":0.7763672,"width":0.5472637},"-":{"texture_start_x":0.19482422,"texture_end_x":0.24658203,"texture_start_y":0.64697266,"texture_end_y":0.7763672,"width":0.5273632},"m":{"texture_start_x":0.45996094,"texture_end_x":0.55371094,"texture_start_y":0.12939453,"texture_end_y":0.25878906,"width":0.95522386},"t":{"texture_start_x":0.0,"texture_end_x":0.055664062,"texture_start_y":0.25878906,"texture_end_y":0.3881836,"width":0.5671642},"e":{"texture_start_x":0.0,"texture_end_x":0.068847656,"texture_start_y":0.12939453,"texture_end_y":0.25878906,"width":0.70149255},"@":{"texture_start_x":0.64746094,"texture_end_x":0.74609375,"texture_start_y":0.64697266,"texture_end_y":0.7763672,"width":1.0049751},"O":{"texture_start_x":0.5761719,"texture_end_x":0.6557617,"texture_start_y":0.3881836,"texture_end_y":0.5175781,"width":0.8109453},"n":{"texture_start_x":0.55371094,"texture_end_x":0.6201172,"texture_start_y":0.12939453,"texture_end_y":0.25878906,"width":0.6766169},"{":{"texture_start_x":0.14013672,"texture_end_x":0.19628906,"texture_start_y":0.7763672,"texture_end_y":0.9057617,"width":0.5721393},"R":{"texture_start_x":0.8095703,"texture_end_x":0.88427734,"texture_start_y":0.3881836,"texture_end_y":0.5175781,"width":0.76119405},"A":{"texture_start_x":0.4873047,"texture_end_x":0.57128906,"texture_start_y":0.25878906,"texture_end_y":0.3881836,"width":0.8557214},"b":{"texture_start_x":0.7553711,"texture_end_x":0.82470703,"texture_start_y":0.0,"texture_end_y":0.12939453,"width":0.7064677},"0":{"texture_start_x":0.0,"texture_end_x":0.06933594,"texture_start_y":0.0,"texture_end_y":0.12939453,"width":0.7064677},"3":{"texture_start_x":0.1953125,"texture_end_x":0.26464844,"texture_start_y":0.0,"texture_end_y":0.12939453,"width":0.7064677},"i":{"texture_start_x":0.2626953,"texture_end_x":0.30322266,"texture_start_y":0.12939453,"texture_end_y":0.25878906,"width":0.41293532},"r":{"texture_start_x":0.82958984,"texture_end_x":0.8828125,"texture_start_y":0.12939453,"texture_end_y":0.25878906,"width":0.54228854},"_":{"texture_start_x":0.053710938,"texture_end_x":0.122558594,"texture_start_y":0.64697266,"texture_end_y":0.7763672,"width":0.70149255},"X":{"texture_start_x":0.3359375,"texture_end_x":0.41503906,"texture_start_y":0.5175781,