{"characters":{"'":{"texture_start_x":0.6098633,"texture_end_x":0.64746094,"texture_start_y":0.64697266,"texture_end_y":0.7763672,"width":0.38308457},"B":{"texture_start_x":0.57128906,"texture_end_x":0.6435547,"texture_start_y":0.25878906,"texture_end_y":0.3881836,"width":0.7363184},"U":{"texture_start_x":0.07763672,"texture_end_x":0.15234375,"texture_start_y":0.5175781,"texture_end_y":0.64697266,"width":0.76119405},"t":{"texture_start_x":0.0,"texture_end_x":0.055664062,"texture_start_y":0.25878906,"texture_end_y":0.3881836,"width":0.5671642},"s":{"texture_start_x":0.8828125,"texture_end_x":0.94970703,"texture_start_y":0.12939453,"texture_end_y":0.25878906,"width":0.68159205},"E":{"texture_start_x":0.79589844,"texture_end_x":0.8652344,"texture_start_y":0.25878906,"texture_end_y":0.3881836,"width":0.7064677},"a":{"texture_start_x":0.6875,"texture_end_x":0.7553711,"texture_start_y":0.0,"texture_end_y":0.12939453,"width":0.69154227},"?":{"texture_start_x":0.7807617,"texture_end_x":0.8457031,"texture_start_y":0.5175781,"texture_end_y":0.64697266,"width":0.66169155},"x":{"texture_start_x":0.28173828,"texture_end_x":0.3515625,"texture_start_y":0.25878906,"texture_end_y":0.3881836,"width":0.71144277},"0":{"texture_start_x":0.0,"texture_end_x":0.06933594,"texture_start_y":0.0,"texture_end_y":0.12939453,"width":0.7064677},"9":{"texture_start_x":0.61816406,"texture_end_x":0.6875,"texture_start_y":0.0,"texture_end_y":0.12939453,"width":0.7064677},"6":{"texture_start_x":0.40820312,"texture_end_x":0.47705078,"texture_start_y":0.0,"texture_end_y":0.12939453,"width":0.70149255},"N":{"texture_start_x":0.49902344,"texture_end_x":0.5761719,"texture_start_y":0.3881836,"texture_end_y":0.5175781,"width":0.78606963},"Q":{"texture_start_x":0.72998047,"texture_end_x":0.8095703,"texture_start_y":0.3881836,"texture_end_y":0.5175781,"width":0.8109453},"c":{"texture_start_x":0.82470703,"texture_end_x":0.8935547,"texture_start_y":0.0,"texture_end_y":0.12939453,"width":0.70149255},"S":{"texture_start_x":0.88427734,"texture_end_x":0.9589844,"texture_start_y":0.3881836,"texture_end_y":0.5175781,"width":0.76119405},"4":{"texture_start_x":0.26464844,"texture_end_x":0.33935547,"texture_start_y":0.0,"texture_end_y":0.12939453,"width":0.76119405},":":{"texture_start_x":0.7397461,"texture_end_x":0.7807617,"texture_start_y":0.5175781,"texture_end_y":0.64697266,"width":0.41791046},"l":{"texture_start_x":0.42041016,"texture_end_x":0.45996094,"texture_start_y":0.12939453,"texture_end_y":0.25878906,"width":0.40298507},"C":{"texture_start_x":0.6435547,"texture_end_x":0.7211914,"texture_start_y":0.25878906,"texture_end_y":0.3881836,"width":0.7910448},"+":{"texture_start_x":0.122558594,"texture_end_x":0.19482422,"texture_start_y":0.64697266,"texture_end_y":0.7763672,"width":0.7363184},"q":{"texture_start_x":0.7607422,"texture_end_x":0.82958984,"texture_start_y":0.12939453,"texture_end_y":0.25878906,"width":0.70149255},"W":{"texture_start_x":0.23486328,"texture_end_x":0.3359375,"texture_start_y":0.5175781,"texture_end_y":0.64697266,"width":1.0298507},"5":{"texture_start_x":0.33935547,"texture_end_x":0.40820312,"texture_start_y":0.0,"texture_end_y":0.12939453,"width":0.70149255},"o":{"texture_start_x":0.6201172,"texture_end_x":0.69189453,"texture_start_y":0.12939453,"texture_end_y":0.25878906,"width":0.73134327},"_":{"texture_start_x":0.053710938,"texture_end_x":0.122558594,"texture_start_y":0.64697266,"texture_end_y":0.7763672,"width":0.70149255},".":{"texture_start_x":0.3125,"texture_end_x":0.35351562,"texture_start_y":0.64697266,"texture_end_y":0.7763672,"width":0.41791046},"M":{"texture_start_x":0.40820312,"texture_end_x":0.49902344,"texture_start_y":0.3881836,"texture_end_y":0.5175781,"width":0.92537314},";":{"texture_start_x":0.61083984,"texture_end_x":0.65478516,"texture_start_y":0.5175781,"texture_end_y":0.64697266,"width":0.4477612},"(":{"texture_start_x":0.9111328,"texture_end_x":0.96435547,"texture_start_y":0.5175781,"texture_end_y":0.64697266,"width":0.54228854},"Y":{"texture_start_x":0.41503906,"texture_end_x":0.49560547,"texture_start_y":0.5175781,"texture_end_y":0.64697266,"width":0.8208955},"!":{"texture_start_x":0.5703125,"texture_end_x":0.61083984,"texture_start_y":0.5175781,"texture_end_y":0.64697266,"width":0.41293532},"b":{"texture_start_x":0.7553711,"texture_end_x":0.82470703,"texture_start_y":0.0,"texture_end_y":0.12939453,"width":0.7064677},"#":{"texture_start_x":0.74609375,"texture_end_x":0.8232422,"texture_start_y":0.64697266,"texture_end_y":0.7763672,"width":0.78606963},"]":{"texture_start_x":0.2993164,"texture_end_x":0.3461914,"texture_start_y":0.7763672,"texture_end_y":0.9057617,"width":0.47761193},"/":{"texture_start_x":0.39697266,"texture_end_x":0.45996094,"texture_start_y":0.64697266,"texture_end_y":0.7763672,"width":0.64179105},"Z":{"texture_start_x":0.49560547,"texture_end_x":0.5703125,"texture_start_y":0.5175781,"texture_end_y":0.64697266,"width":0.76119405},"r":{"texture_start_x":0.82958984,"texture_end_x":0.8828125,"texture_start_y":0.12939453,"texture_end_y":0.25878906,"width":0.54228854},"^":{"texture_start_x":0.0,"texture_end_x":0.061035156,"texture_start_y":0.7763672,"texture_end_y":0.9057617,"width":0.62189054},"F":{"texture_start_x":0.8652344,"texture_end_x":0.93408203,"texture_start_y":0.25878906,"texture_end_y":0.3881836,"width":0.70149255},"K":{"texture_start_x":0.2631836,"texture_end_x":0.34033203,"texture_start_y":0.3881836,"texture_end_y":0.5175781,"width":0.78606963},"j":{"texture_start_x":0.30322266,"texture_end_x":0.35205078,"texture_start_y":0.12939453,"texture_end_y":0.25878906,"width":0.49751243},"%":{"texture_start_x":0.65478516,"texture_end_x":0.7397461,"texture_start_y":0.5175781,"texture_end_y":0.64697266,"width":0.86567163},")":{"texture_start_x":0.0,"texture_end_x":0.053710938,"texture_start_y":0.64697266,"texture_end_y":0.7763672,"width":0.5472637},",":{"texture_start_x":0.35351562,"texture_end_x":0.39697266,"texture_start_y":0.64697266,"texture_end_y":0.7763672,"width":0.44278607},"$":{"texture_start_x":0.8232422,"texture_end_x":0.8930664,"texture_start_y":0.64697266,"texture_end_y":0.7763672,"width":0.71144277},"R":{"texture_start_x":0.8095703,"texture_end_x":0.88427734,"texture_start_y":0.3881836,"texture_end_y":0.5175781,"width":0.76119405},"}":{"texture_start_x":0.19628906,"texture_end_x":0.2524414,"texture_start_y":0.7763672,"texture_end_y":0.9057617,"width":0.5721393},"€":{"texture_start_x":0.8930664,"texture_end_x":0.9638672,"texture_start_y":0.64697266,"texture_end_y":0.7763672,"width":0.72139305},"e":{"texture_start_x":0.0,"texture_end_x":0.068847656,"texture_start_y":0.12939453,"texture_end_y":0.25878906,"width":0.70149255},"h":{"texture_start_x":0.19628906,"texture_end_x":0.2626953,"texture_start_y":0.12939453,"texture_end_y":0.25878906,"width":0.6766169},"y":{"texture_start_x":0.3515625,"texture_end_x":0.42089844,"texture_start_y":0.25878906,"texture_end_y":0.3881836,"width":0.7064677},"g":{"texture_start_x":0.1274414,"texture_end_x":0.19628906,"texture_start_y":0.12939453,"texture_end_y":0.25878906,"width":0.70149255},"&":{"texture_start_x":0.061035156,"texture_end_x":0.14013672,"texture_start_y":0.7763672,"texture_end_y":0.9057617,"width":0.80597013},"[":{"texture_start_x":0.2524414,"texture_end_x":0.2993164,"texture_start_y":0.7763672,"texture_end_y":0.9057617,"width":0.47761193},"I":{"texture_start_x":0.15429688,"texture_end_x":0.19384766,"texture_start_y":0.3881836,"texture_end_y":0.5175781,"width":0.40298507},"T":{"texture_start_x":0.0,"texture_end_x":0.07763672,"texture_start_y":0.5175781,"texture_end_y":0.64697266,"width":0.7910448},"f":{"texture_start_x":0.068847656,"texture_end_x":0.1274414,"texture_start_y":0.12939453,"texture_end_y":0.25878906,"width":0.5970149},"v":{"texture_start_x":0.12207031,"texture_end_x":0.19091797,"texture_start_y":0.25878906,"texture_end_y":0.3881836,"width":0.70149255},"\"":{"texture_start_x":0.56152344,"texture_end_x":0.6098633,"texture_start_y":0.64697266,"texture_end_y":0.7763672,