{"characters":{"(":{"texture_start_x":0.90625,"texture_end_x":0.9296875,"texture_start_y":0.40625,"texture_end_y":0.60546875,"width":0.23529412},"W":{"texture_start_x":0.5078125,"texture_end_x":0.5800781,"texture_start_y":0.40625,"texture_end_y":0.60546875,"width":0.7254902},"\\":{"texture_start_x":0.18164062,"texture_end_x":0.21679688,"texture_start_y":0.609375,"texture_end_y":0.80859375,"width":0.3529412},"]":{"texture_start_x":0.61328125,"texture_end_x":0.6308594,"texture_start_y":0.609375,"texture_end_y":0.80859375,"width":0.1764706},"6":{"texture_start_x":0.24414062,"texture_end_x":0.28320312,"texture_start_y":0.0,"texture_end_y":0.19921875,"width":0.39215687},"%":{"texture_start_x":0.76171875,"texture_end_x":0.81640625,"texture_start_y":0.40625,"texture_end_y":0.60546875,"width":0.54901963},"d":{"texture_start_x":0.5332031,"texture_end_x":0.5722656,"texture_start_y":0.0,"texture_end_y":0.19921875,"width":0.39215687},"f":{"texture_start_x":0.6152344,"texture_end_x":0.64453125,"texture_start_y":0.0,"texture_end_y":0.19921875,"width":0.29411766},"T":{"texture_start_x":0.35742188,"texture_end_x":0.40429688,"texture_start_y":0.40625,"texture_end_y":0.60546875,"width":0.47058824},"X":{"texture_start_x":0.58203125,"texture_end_x":0.6308594,"texture_start_y":0.40625,"texture_end_y":0.60546875,"width":0.49019608},"U":{"texture_start_x":0.40625,"texture_end_x":0.45117188,"texture_start_y":0.40625,"texture_end_y":0.60546875,"width":0.4509804},"t":{"texture_start_x":0.14648438,"texture_end_x":0.171875,"texture_start_y":0.203125,"texture_end_y":0.40234375,"width":0.25490198},";":{"texture_start_x":0.74609375,"texture_end_x":0.7597656,"texture_start_y":0.40625,"texture_end_y":0.60546875,"width":0.13725491},"R":{"texture_start_x":0.26367188,"texture_end_x":0.30859375,"texture_start_y":0.40625,"texture_end_y":0.60546875,"width":0.4509804},"@":{"texture_start_x":0.24804688,"texture_end_x":0.31835938,"texture_start_y":0.609375,"texture_end_y":0.80859375,"width":0.7058824},"p":{"texture_start_x":0.0,"texture_end_x":0.0390625,"texture_start_y":0.203125,"texture_end_y":0.40234375,"width":0.39215687},"3":{"texture_start_x":0.11328125,"texture_end_x":0.15429688,"texture_start_y":0.0,"texture_end_y":0.19921875,"width":0.4117647},"^":{"texture_start_x":0.453125,"texture_end_x":0.484375,"texture_start_y":0.609375,"texture_end_y":0.80859375,"width":0.3137255},"g":{"texture_start_x":0.6464844,"texture_end_x":0.6855469,"texture_start_y":0.0,"texture_end_y":0.19921875,"width":0.39215687},"j":{"texture_start_x":0.7402344,"texture_end_x":0.7597656,"texture_start_y":0.0,"texture_end_y":0.19921875,"width":0.19607843},"q":{"texture_start_x":0.041015625,"texture_end_x":0.080078125,"texture_start_y":0.203125,"texture_end_y":0.40234375,"width":0.39215687},"4":{"texture_start_x":0.15625,"texture_end_x":0.20117188,"texture_start_y":0.0,"texture_end_y":0.19921875,"width":0.4509804},"D":{"texture_start_x":0.5878906,"texture_end_x":0.6328125,"texture_start_y":0.203125,"texture_end_y":0.40234375,"width":0.4509804},"y":{"texture_start_x":0.35546875,"texture_end_x":0.39453125,"texture_start_y":0.203125,"texture_end_y":0.40234375,"width":0.39215687},"m":{"texture_start_x":0.8144531,"texture_end_x":0.87890625,"texture_start_y":0.0,"texture_end_y":0.19921875,"width":0.64705884},"w":{"texture_start_x":0.25195312,"texture_end_x":0.3125,"texture_start_y":0.203125,"texture_end_y":0.40234375,"width":0.60784316},"I":{"texture_start_x":0.8144531,"texture_end_x":0.82421875,"texture_start_y":0.203125,"texture_end_y":0.40234375,"width":0.09803922},"K":{"texture_start_x":0.8671875,"texture_end_x":0.9140625,"texture_start_y":0.203125,"texture_end_y":0.40234375,"width":0.47058824},"M":{"texture_start_x":0.0,"texture_end_x":0.0625,"texture_start_y":0.40625,"texture_end_y":0.60546875,"width":0.627451},"S":{"texture_start_x":0.31054688,"texture_end_x":0.35546875,"texture_start_y":0.40625,"texture_end_y":0.60546875,"width":0.4509804},"c":{"texture_start_x":0.4921875,"texture_end_x":0.53125,"texture_start_y":0.0,"texture_end_y":0.19921875,"width":0.39215687},"B":{"texture_start_x":0.4921875,"texture_end_x":0.53515625,"texture_start_y":0.203125,"texture_end_y":0.40234375,"width":0.43137255},")":{"texture_start_x":0.9316406,"texture_end_x":0.9550781,"texture_start_y":0.40625,"texture_end_y":0.60546875,"width":0.23529412},"v":{"texture_start_x":0.2109375,"texture_end_x":0.25,"texture_start_y":0.203125,"texture_end_y":0.40234375,"width":0.39215687},"C":{"texture_start_x":0.5371094,"texture_end_x":0.5859375,"texture_start_y":0.203125,"texture_end_y":0.40234375,"width":0.49019608},"V":{"texture_start_x":0.453125,"texture_end_x":0.5058594,"texture_start_y":0.40625,"texture_end_y":0.60546875,"width":0.5294118},"#":{"texture_start_x":0.3203125,"texture_end_x":0.3671875,"texture_start_y":0.609375,"texture_end_y":0.80859375,"width":0.47058824},"u":{"texture_start_x":0.17382812,"texture_end_x":0.20898438,"texture_start_y":0.203125,"texture_end_y":0.40234375,"width":0.3529412},"{":{"texture_start_x":0.5371094,"texture_end_x":0.5644531,"texture_start_y":0.609375,"texture_end_y":0.80859375,"width":0.27450982},"7":{"texture_start_x":0.28515625,"texture_end_x":0.32617188,"texture_start_y":0.0,"texture_end_y":0.19921875,"width":0.4117647},"9":{"texture_start_x":0.36914062,"texture_end_x":0.40820312,"texture_start_y":0.0,"texture_end_y":0.19921875,"width":0.39215687},"2":{"texture_start_x":0.068359375,"texture_end_x":0.111328125,"texture_start_y":0.0,"texture_end_y":0.19921875,"width":0.43137255},"L":{"texture_start_x":0.9160156,"texture_end_x":0.9550781,"texture_start_y":0.203125,"texture_end_y":0.40234375,"width":0.39215687},"Y":{"texture_start_x":0.6328125,"texture_end_x":0.68359375,"texture_start_y":0.40625,"texture_end_y":0.60546875,"width":0.50980395},"|":{"texture_start_x":0.171875,"texture_end_x":0.1796875,"texture_start_y":0.609375,"texture_end_y":0.80859375,"width":0.078431375},"[":{"texture_start_x":0.59375,"texture_end_x":0.6113281,"texture_start_y":0.609375,"texture_end_y":0.80859375,"width":0.1764706},"5":{"texture_start_x":0.203125,"texture_end_x":0.2421875,"texture_start_y":0.0,"texture_end_y":0.19921875,"width":0.39215687},"A":{"texture_start_x":0.43554688,"texture_end_x":0.49023438,"texture_start_y":0.203125,"texture_end_y":0.40234375,"width":0.54901963},"&":{"texture_start_x":0.48632812,"texture_end_x":0.53515625,"texture_start_y":0.609375,"texture_end_y":0.80859375,"width":0.49019608},"\"":{"texture_start_x":0.21875,"texture_end_x":0.23632812,"texture_start_y":0.609375,"texture_end_y":0.80859375,"width":0.1764706},"Q":{"texture_start_x":0.2109375,"texture_end_x":0.26171875,"texture_start_y":0.40625,"texture_end_y":0.60546875,"width":0.50980395},"n":{"texture_start_x":0.8808594,"texture_end_x":0.91796875,"texture_start_y":0.0,"texture_end_y":0.19921875,"width":0.37254903},"k":{"texture_start_x":0.76171875,"texture_end_x":0.80078125,"texture_start_y":0.0,"texture_end_y":0.19921875,"width":0.39215687},"o":{"texture_start_x":0.9199219,"texture_end_x":0.9609375,"texture_start_y":0.0,"texture_end_y":0.19921875,"width":0.4117647},"8":{"texture_start_x":0.328125,"texture_end_x":0.3671875,"texture_start_y":0.0,"texture_end_y":0.19921875,"width":0.39215687},"h":{"texture_start_x":0.6875,"texture_end_x":0.7246094,"texture_start_y":0.0,"texture_end_y":0.19921875,"width":0.37254903},"O":{"texture_start_x":0.11328125,"texture_end_x":0.16210938,"texture_start_y":0.40625,"texture_end_y":0.60546875,"width":0.49019608},"_":{"texture_start_x":0.95703125,"texture_end_x":0.99609375,"texture_start_y":0.40625,"texture_end_y":0.60546875,"width":0.39215687},",":{"texture_start_x":0.12109375,"texture_end_x":0.13476562,"texture_start_y":0.609375,"texture_end_y":0.80859375,"width":0.13725491},"}":{"texture_start_x":0.56640625,"texture_end_x":0.5917969,"texture_start_y":0.609375,"texture_end_y":0.80859375,"width":0.25490198},"s":{"texture_start_x":0.107421875,"texture_end_x":0.14453125,"texture_start_y":0.203125,